panel,series,label,step,value
Outcome mix,train/equivalent_rate,equivalent,6,0.09027777777777778
Outcome mix,train/equivalent_rate,equivalent,12,0.1099537037037037
Outcome mix,train/equivalent_rate,equivalent,18,0.13425925925925927
Outcome mix,train/equivalent_rate,equivalent,24,0.12152777777777778
Outcome mix,train/equivalent_rate,equivalent,30,0.13425925925925927
Outcome mix,train/equivalent_rate,equivalent,36,0.17824074074074073
Outcome mix,train/equivalent_rate,equivalent,42,0.19791666666666666
Outcome mix,train/equivalent_rate,equivalent,48,0.08101851851851853
Outcome mix,train/equivalent_rate,equivalent,54,0.15046296296296297
Outcome mix,train/equivalent_rate,equivalent,60,0.13657407407407407
Outcome mix,train/equivalent_rate,equivalent,66,0.13541666666666666
Outcome mix,train/equivalent_rate,equivalent,72,0.20138888888888892
Outcome mix,train/equivalent_rate,equivalent,78,0.1412037037037037
Outcome mix,train/equivalent_rate,equivalent,84,0.10995370370370372
Outcome mix,train/equivalent_rate,equivalent,90,0.11574074074074076
Outcome mix,train/equivalent_rate,equivalent,96,0.16087962962962962
Outcome mix,train/equivalent_rate,equivalent,102,0.08101851851851853
Outcome mix,train/equivalent_rate,equivalent,108,0.10300925925925926
Outcome mix,train/equivalent_rate,equivalent,114,0.15162037037037038
Outcome mix,train/equivalent_rate,equivalent,120,0.20486111111111108
Outcome mix,train/equivalent_rate,equivalent,126,0.1851851851851852
Outcome mix,train/equivalent_rate,equivalent,132,0.15046296296296297
Outcome mix,train/equivalent_rate,equivalent,138,0.13657407407407407
Outcome mix,train/equivalent_rate,equivalent,144,0.10648148148148147
Outcome mix,train/equivalent_rate,equivalent,150,0.1574074074074074
Outcome mix,train/equivalent_rate,equivalent,156,0.1539351851851852
Outcome mix,train/equivalent_rate,equivalent,162,0.16203703703703706
Outcome mix,train/equivalent_rate,equivalent,168,0.17245370370370372
Outcome mix,train/equivalent_rate,equivalent,174,0.1851851851851852
Outcome mix,train/equivalent_rate,equivalent,180,0.1574074074074074
Outcome mix,train/equivalent_rate,equivalent,186,0.1574074074074074
Outcome mix,train/equivalent_rate,equivalent,192,0.21990740740740744
Outcome mix,train/equivalent_rate,equivalent,198,0.20023148148148148
Outcome mix,train/equivalent_rate,equivalent,204,0.17824074074074073
Outcome mix,train/equivalent_rate,equivalent,210,0.20486111111111108
Outcome mix,train/equivalent_rate,equivalent,216,0.1712962962962963
Outcome mix,train/equivalent_rate,equivalent,222,0.17361111111111108
Outcome mix,train/equivalent_rate,equivalent,228,0.17824074074074073
Outcome mix,train/equivalent_rate,equivalent,234,0.20833333333333334
Outcome mix,train/equivalent_rate,equivalent,240,0.20949074074074078
Outcome mix,train/equivalent_rate,equivalent,246,0.1840277777777778
Outcome mix,train/equivalent_rate,equivalent,252,0.20601851851851852
Outcome mix,train/equivalent_rate,equivalent,258,0.261574074074074
Outcome mix,train/equivalent_rate,equivalent,264,0.1840277777777778
Outcome mix,train/equivalent_rate,equivalent,270,0.21064814814814814
Outcome mix,train/equivalent_rate,equivalent,276,0.2372685185185185
Outcome mix,train/equivalent_rate,equivalent,282,0.1400462962962963
Outcome mix,train/equivalent_rate,equivalent,288,0.1909722222222222
Outcome mix,train/equivalent_rate,equivalent,294,0.16087962962962962
Outcome mix,train/equivalent_rate,equivalent,300,0.21875
Outcome mix,train/equivalent_rate,equivalent,306,0.19907407407407407
Outcome mix,train/equivalent_rate,equivalent,312,0.2210648148148148
Outcome mix,train/equivalent_rate,equivalent,318,0.17245370370370372
Outcome mix,train/equivalent_rate,equivalent,324,0.22569444444444445
Outcome mix,train/equivalent_rate,equivalent,330,0.20138888888888887
Outcome mix,train/equivalent_rate,equivalent,336,0.23726851851851846
Outcome mix,train/equivalent_rate,equivalent,342,0.29745370370370366
Outcome mix,train/equivalent_rate,equivalent,348,0.24421296296296294
Outcome mix,train/equivalent_rate,equivalent,354,0.22685185185185186
Outcome mix,train/equivalent_rate,equivalent,360,0.16898148148148148
Outcome mix,train/equivalent_rate,equivalent,366,0.24189814814814814
Outcome mix,train/equivalent_rate,equivalent,372,0.25925925925925924
Outcome mix,train/equivalent_rate,equivalent,378,0.2546296296296296
Outcome mix,train/equivalent_rate,equivalent,384,0.26273148148148145
Outcome mix,train/equivalent_rate,equivalent,390,0.21527777777777776
Outcome mix,train/equivalent_rate,equivalent,396,0.2858796296296296
Outcome mix,train/equivalent_rate,equivalent,402,0.24652777777777776
Outcome mix,train/equivalent_rate,equivalent,408,0.3449074074074074
Outcome mix,train/equivalent_rate,equivalent,414,0.27314814814814814
Outcome mix,train/equivalent_rate,equivalent,420,0.18402777777777776
Outcome mix,train/equivalent_rate,equivalent,426,0.24189814814814814
Outcome mix,train/equivalent_rate,equivalent,432,0.2835648148148148
Outcome mix,train/equivalent_rate,equivalent,438,0.2708333333333333
Outcome mix,train/equivalent_rate,equivalent,444,0.24189814814814814
Outcome mix,train/equivalent_rate,equivalent,450,0.2951388888888889
Outcome mix,train/equivalent_rate,equivalent,456,0.3125
Outcome mix,train/equivalent_rate,equivalent,462,0.30439814814814814
Outcome mix,train/equivalent_rate,equivalent,468,0.3148148148148148
Outcome mix,train/equivalent_rate,equivalent,474,0.22916666666666666
Outcome mix,train/equivalent_rate,equivalent,480,0.29282407407407407
Outcome mix,train/equivalent_rate,equivalent,486,0.30324074074074076
Outcome mix,train/equivalent_rate,equivalent,492,0.2928240740740741
Outcome mix,train/equivalent_rate,equivalent,498,0.332175925925926
Outcome mix,train/equivalent_rate,equivalent,504,0.3483796296296296
Outcome mix,train/equivalent_rate,equivalent,510,0.324074074074074
Outcome mix,train/equivalent_rate,equivalent,516,0.27314814814814814
Outcome mix,train/equivalent_rate,equivalent,522,0.30671296296296297
Outcome mix,train/equivalent_rate,equivalent,528,0.3136574074074074
Outcome mix,train/equivalent_rate,equivalent,534,0.34375
Outcome mix,train/equivalent_rate,equivalent,540,0.2650462962962963
Outcome mix,train/equivalent_rate,equivalent,546,0.33217592592592593
Outcome mix,train/equivalent_rate,equivalent,552,0.3101851851851852
Outcome mix,train/equivalent_rate,equivalent,558,0.35879629629629634
Outcome mix,train/equivalent_rate,equivalent,564,0.37615740740740744
Outcome mix,train/equivalent_rate,equivalent,570,0.3391203703703704
Outcome mix,train/equivalent_rate,equivalent,576,0.31249999999999994
Outcome mix,train/equivalent_rate,equivalent,582,0.37152777777777773
Outcome mix,train/equivalent_rate,equivalent,588,0.2916666666666667
Outcome mix,train/equivalent_rate,equivalent,594,0.3009259259259259
Outcome mix,train/equivalent_rate,equivalent,600,0.29166666666666663
Outcome mix,train/equivalent_rate,equivalent,606,0.3043981481481482
Outcome mix,train/equivalent_rate,equivalent,612,0.38078703703703703
Outcome mix,train/equivalent_rate,equivalent,618,0.3773148148148148
Outcome mix,train/equivalent_rate,equivalent,624,0.30324074074074076
Outcome mix,train/equivalent_rate,equivalent,630,0.3136574074074074
Outcome mix,train/equivalent_rate,equivalent,636,0.3506944444444445
Outcome mix,train/equivalent_rate,equivalent,642,0.375
Outcome mix,train/equivalent_rate,equivalent,648,0.3240740740740741
Outcome mix,train/equivalent_rate,equivalent,654,0.3460648148148148
Outcome mix,train/equivalent_rate,equivalent,660,0.3020833333333333
Outcome mix,train/equivalent_rate,equivalent,666,0.32754629629629634
Outcome mix,train/equivalent_rate,equivalent,672,0.3368055555555556
Outcome mix,train/equivalent_rate,equivalent,678,0.3958333333333333
Outcome mix,train/equivalent_rate,equivalent,684,0.2673611111111111
Outcome mix,train/equivalent_rate,equivalent,690,0.3541666666666667
Outcome mix,train/equivalent_rate,equivalent,696,0.38078703703703703
Outcome mix,train/equivalent_rate,equivalent,702,0.3287037037037037
Outcome mix,train/equivalent_rate,equivalent,708,0.37152777777777773
Outcome mix,train/equivalent_rate,equivalent,714,0.34375
Outcome mix,train/equivalent_rate,equivalent,720,0.38078703703703703
Outcome mix,train/equivalent_rate,equivalent,726,0.3425925925925926
Outcome mix,train/equivalent_rate,equivalent,732,0.3159722222222222
Outcome mix,train/equivalent_rate,equivalent,738,0.375
Outcome mix,train/equivalent_rate,equivalent,744,0.32523148148148145
Outcome mix,train/equivalent_rate,equivalent,750,0.37152777777777773
Outcome mix,train/equivalent_rate,equivalent,756,0.2986111111111111
Outcome mix,train/equivalent_rate,equivalent,762,0.3645833333333333
Outcome mix,train/equivalent_rate,equivalent,768,0.39814814814814814
Outcome mix,train/equivalent_rate,equivalent,774,0.35648148148148145
Outcome mix,train/equivalent_rate,equivalent,780,0.3541666666666667
Outcome mix,train/equivalent_rate,equivalent,786,0.3796296296296297
Outcome mix,train/equivalent_rate,equivalent,792,0.3587962962962963
Outcome mix,train/equivalent_rate,equivalent,798,0.35648148148148157
Outcome mix,train/equivalent_rate,equivalent,804,0.3645833333333333
Outcome mix,train/equivalent_rate,equivalent,810,0.37152777777777773
Outcome mix,train/equivalent_rate,equivalent,816,0.3865740740740741
Outcome mix,train/equivalent_rate,equivalent,822,0.40046296296296297
Outcome mix,train/equivalent_rate,equivalent,828,0.32175925925925924
Outcome mix,train/equivalent_rate,equivalent,834,0.3518518518518518
Outcome mix,train/equivalent_rate,equivalent,840,0.4201388888888889
Outcome mix,train/equivalent_rate,equivalent,846,0.38425925925925924
Outcome mix,train/equivalent_rate,equivalent,852,0.36689814814814814
Outcome mix,train/equivalent_rate,equivalent,858,0.42708333333333326
Outcome mix,train/equivalent_rate,equivalent,864,0.4224537037037037
Outcome mix,train/equivalent_rate,equivalent,870,0.4016203703703704
Outcome mix,train/equivalent_rate,equivalent,876,0.43402777777777785
Outcome mix,train/equivalent_rate,equivalent,882,0.37615740740740744
Outcome mix,train/equivalent_rate,equivalent,888,0.3923611111111111
Outcome mix,train/equivalent_rate,equivalent,894,0.4016203703703704
Outcome mix,train/equivalent_rate,equivalent,900,0.43865740740740744
Outcome mix,train/equivalent_rate,equivalent,906,0.3587962962962963
Outcome mix,train/equivalent_rate,equivalent,912,0.42476851851851855
Outcome mix,train/equivalent_rate,equivalent,918,0.3541666666666667
Outcome mix,train/equivalent_rate,equivalent,924,0.36689814814814814
Outcome mix,train/equivalent_rate,equivalent,930,0.4016203703703703
Outcome mix,train/equivalent_rate,equivalent,936,0.4085648148148148
Outcome mix,train/equivalent_rate,equivalent,942,0.37152777777777773
Outcome mix,train/equivalent_rate,equivalent,948,0.38425925925925924
Outcome mix,train/equivalent_rate,equivalent,954,0.4074074074074074
Outcome mix,train/equivalent_rate,equivalent,960,0.36921296296296297
Outcome mix,train/equivalent_rate,equivalent,966,0.4328703703703704
Outcome mix,train/equivalent_rate,equivalent,972,0.3981481481481482
Outcome mix,train/equivalent_rate,equivalent,978,0.35185185185185186
Outcome mix,train/equivalent_rate,equivalent,984,0.380787037037037
Outcome mix,train/equivalent_rate,equivalent,990,0.37152777777777773
Outcome mix,train/equivalent_rate,equivalent,996,0.4664351851851851
Outcome mix,train/equivalent_rate,equivalent,1002,0.41898148148148145
Outcome mix,train/equivalent_rate,equivalent,1008,0.41203703703703703
Outcome mix,train/equivalent_rate,equivalent,1014,0.42013888888888884
Outcome mix,train/equivalent_rate,equivalent,1020,0.4131944444444445
Outcome mix,train/equivalent_rate,equivalent,1026,0.369212962962963
Outcome mix,train/equivalent_rate,equivalent,1032,0.4305555555555555
Outcome mix,train/equivalent_rate,equivalent,1038,0.3865740740740741
Outcome mix,train/equivalent_rate,equivalent,1044,0.3900462962962963
Outcome mix,train/equivalent_rate,equivalent,1050,0.4479166666666667
Outcome mix,train/equivalent_rate,equivalent,1056,0.40046296296296297
Outcome mix,train/equivalent_rate,equivalent,1062,0.480324074074074
Outcome mix,train/equivalent_rate,equivalent,1068,0.425925925925926
Outcome mix,train/equivalent_rate,equivalent,1074,0.37847222222222227
Outcome mix,train/equivalent_rate,equivalent,1080,0.44560185185185186
Outcome mix,train/equivalent_rate,equivalent,1086,0.38078703703703703
Outcome mix,train/equivalent_rate,equivalent,1092,0.33449074074074076
Outcome mix,train/equivalent_rate,equivalent,1098,0.40740740740740744
Outcome mix,train/equivalent_rate,equivalent,1104,0.4583333333333333
Outcome mix,train/equivalent_rate,equivalent,1110,0.46874999999999994
Outcome mix,train/equivalent_rate,equivalent,1116,0.4618055555555555
Outcome mix,train/equivalent_rate,equivalent,1122,0.443287037037037
Outcome mix,train/equivalent_rate,equivalent,1128,0.4594907407407407
Outcome mix,train/equivalent_rate,equivalent,1134,0.40509259259259256
Outcome mix,train/equivalent_rate,equivalent,1140,0.4305555555555556
Outcome mix,train/equivalent_rate,equivalent,1146,0.42824074074074076
Outcome mix,train/equivalent_rate,equivalent,1152,0.4814814814814814
Outcome mix,train/equivalent_rate,equivalent,1158,0.4270833333333333
Outcome mix,train/equivalent_rate,equivalent,1164,0.4756944444444444
Outcome mix,train/equivalent_rate,equivalent,1170,0.4386574074074074
Outcome mix,train/equivalent_rate,equivalent,1176,0.4641203703703704
Outcome mix,train/equivalent_rate,equivalent,1182,0.45023148148148145
Outcome mix,train/equivalent_rate,equivalent,1188,0.4791666666666667
Outcome mix,train/equivalent_rate,equivalent,1194,0.48148148148148145
Outcome mix,train/equivalent_rate,equivalent,1200,0.4421296296296296
Outcome mix,train/equivalent_rate,equivalent,1206,0.43634259259259256
Outcome mix,train/equivalent_rate,equivalent,1212,0.4282407407407407
Outcome mix,train/equivalent_rate,equivalent,1218,0.4421296296296297
Outcome mix,train/equivalent_rate,equivalent,1224,0.44675925925925924
Outcome mix,train/equivalent_rate,equivalent,1230,0.45949074074074076
Outcome mix,train/equivalent_rate,equivalent,1236,0.4421296296296296
Outcome mix,train/equivalent_rate,equivalent,1242,0.40972222222222215
Outcome mix,train/equivalent_rate,equivalent,1248,0.4085648148148148
Outcome mix,train/equivalent_rate,equivalent,1254,0.46064814814814814
Outcome mix,train/equivalent_rate,equivalent,1260,0.4571759259259259
Outcome mix,train/equivalent_rate,equivalent,1266,0.4143518518518518
Outcome mix,train/equivalent_rate,equivalent,1272,0.45023148148148145
Outcome mix,train/equivalent_rate,equivalent,1278,0.48148148148148145
Outcome mix,train/equivalent_rate,equivalent,1284,0.4525462962962963
Outcome mix,train/equivalent_rate,equivalent,1290,0.4212962962962963
Outcome mix,train/equivalent_rate,equivalent,1296,0.457175925925926
Outcome mix,train/equivalent_rate,equivalent,1302,0.42476851851851855
Outcome mix,train/equivalent_rate,equivalent,1308,0.47222222222222215
Outcome mix,train/equivalent_rate,equivalent,1314,0.4803240740740741
Outcome mix,train/equivalent_rate,equivalent,1320,0.4618055555555556
Outcome mix,train/equivalent_rate,equivalent,1326,0.46527777777777785
Outcome mix,train/equivalent_rate,equivalent,1332,0.4212962962962963
Outcome mix,train/equivalent_rate,equivalent,1338,0.4351851851851852
Outcome mix,train/equivalent_rate,equivalent,1344,0.4675925925925926
Outcome mix,train/equivalent_rate,equivalent,1350,0.513888888888889
Outcome mix,train/equivalent_rate,equivalent,1356,0.4201388888888889
Outcome mix,train/equivalent_rate,equivalent,1362,0.4837962962962962
Outcome mix,train/equivalent_rate,equivalent,1368,0.45949074074074076
Outcome mix,train/equivalent_rate,equivalent,1374,0.4351851851851851
Outcome mix,train/equivalent_rate,equivalent,1380,0.4178240740740741
Outcome mix,train/equivalent_rate,equivalent,1386,0.4166666666666666
Outcome mix,train/equivalent_rate,equivalent,1392,0.44560185185185186
Outcome mix,train/equivalent_rate,equivalent,1398,0.4953703703703703
Outcome mix,train/equivalent_rate,equivalent,1404,0.5081018518518517
Outcome mix,train/equivalent_rate,equivalent,1410,0.4710648148148148
Outcome mix,train/equivalent_rate,equivalent,1416,0.5115740740740741
Outcome mix,train/equivalent_rate,equivalent,1422,0.3993055555555556
Outcome mix,train/equivalent_rate,equivalent,1428,0.44328703703703703
Outcome mix,train/equivalent_rate,equivalent,1434,0.4375
Outcome mix,train/equivalent_rate,equivalent,1440,0.47222222222222215
Outcome mix,train/equivalent_rate,equivalent,1446,0.42824074074074076
Outcome mix,train/equivalent_rate,equivalent,1452,0.4849537037037037
Outcome mix,train/equivalent_rate,equivalent,1458,0.4594907407407407
Outcome mix,train/equivalent_rate,equivalent,1464,0.4513888888888889
Outcome mix,train/equivalent_rate,equivalent,1470,0.4398148148148148
Outcome mix,train/equivalent_rate,equivalent,1476,0.4525462962962963
Outcome mix,train/equivalent_rate,equivalent,1482,0.40625
Outcome mix,train/equivalent_rate,equivalent,1488,0.44560185185185186
Outcome mix,train/equivalent_rate,equivalent,1494,0.4293981481481482
Outcome mix,train/equivalent_rate,equivalent,1500,0.4305555555555556
Outcome mix,train/equivalent_rate,equivalent,1506,0.5092592592592592
Outcome mix,train/equivalent_rate,equivalent,1512,0.42476851851851855
Outcome mix,train/equivalent_rate,equivalent,1518,0.4016203703703704
Outcome mix,train/equivalent_rate,equivalent,1524,0.457175925925926
Outcome mix,train/equivalent_rate,equivalent,1530,0.5243055555555556
Outcome mix,train/equivalent_rate,equivalent,1536,0.5127314814814815
Outcome mix,train/equivalent_rate,equivalent,1542,0.46875
Outcome mix,train/equivalent_rate,equivalent,1548,0.5300925925925926
Outcome mix,train/equivalent_rate,equivalent,1554,0.43171296296296297
Outcome mix,train/equivalent_rate,equivalent,1560,0.4479166666666667
Outcome mix,train/equivalent_rate,equivalent,1566,0.4664351851851853
Outcome mix,train/equivalent_rate,equivalent,1572,0.47685185185185186
Outcome mix,train/equivalent_rate,equivalent,1578,0.4050925925925926
Outcome mix,train/equivalent_rate,equivalent,1584,0.4328703703703704
Outcome mix,train/equivalent_rate,equivalent,1590,0.5127314814814815
Outcome mix,train/equivalent_rate,equivalent,1596,0.4363425925925926
Outcome mix,train/equivalent_rate,equivalent,1602,0.5081018518518517
Outcome mix,train/equivalent_rate,equivalent,1608,0.44560185185185186
Outcome mix,train/equivalent_rate,equivalent,1614,0.4641203703703704
Outcome mix,train/equivalent_rate,equivalent,1620,0.48726851851851855
Outcome mix,train/equivalent_rate,equivalent,1626,0.4826388888888889
Outcome mix,train/equivalent_rate,equivalent,1632,0.3391203703703704
Outcome mix,train/equivalent_rate,equivalent,1638,0.4513888888888889
Outcome mix,train/equivalent_rate,equivalent,1644,0.4791666666666667
Outcome mix,train/equivalent_rate,equivalent,1650,0.42361111111111116
Outcome mix,train/equivalent_rate,equivalent,1656,0.4074074074074074
Outcome mix,train/equivalent_rate,equivalent,1658,0.35416666666666663
Outcome mix,train/equivalent_rate,equivalent,1658,0.2986111111111111
Outcome mix,train/executable_rate,executable,6,0.29398148148148145
Outcome mix,train/executable_rate,executable,12,0.24537037037037038
Outcome mix,train/executable_rate,executable,18,0.36226851851851855
Outcome mix,train/executable_rate,executable,24,0.4976851851851851
Outcome mix,train/executable_rate,executable,30,0.6238425925925926
Outcome mix,train/executable_rate,executable,36,0.7094907407407408
Outcome mix,train/executable_rate,executable,42,0.6446759259259259
Outcome mix,train/executable_rate,executable,48,0.2581018518518519
Outcome mix,train/executable_rate,executable,54,0.29282407407407407
Outcome mix,train/executable_rate,executable,60,0.4178240740740741
Outcome mix,train/executable_rate,executable,66,0.5405092592592592
Outcome mix,train/executable_rate,executable,72,0.4733796296296296
Outcome mix,train/executable_rate,executable,78,0.2650462962962963
Outcome mix,train/executable_rate,executable,84,0.32754629629629634
Outcome mix,train/executable_rate,executable,90,0.32523148148148145
Outcome mix,train/executable_rate,executable,96,0.300925925925926
Outcome mix,train/executable_rate,executable,102,0.3275462962962963
Outcome mix,train/executable_rate,executable,108,0.3055555555555555
Outcome mix,train/executable_rate,executable,114,0.3136574074074074
Outcome mix,train/executable_rate,executable,120,0.5150462962962963
Outcome mix,train/executable_rate,executable,126,0.5358796296296295
Outcome mix,train/executable_rate,executable,132,0.3333333333333333
Outcome mix,train/executable_rate,executable,138,0.4166666666666667
Outcome mix,train/executable_rate,executable,144,0.48726851851851855
Outcome mix,train/executable_rate,executable,150,0.3842592592592593
Outcome mix,train/executable_rate,executable,156,0.49652777777777785
Outcome mix,train/executable_rate,executable,162,0.4131944444444445
Outcome mix,train/executable_rate,executable,168,0.49652777777777785
Outcome mix,train/executable_rate,executable,174,0.474537037037037
Outcome mix,train/executable_rate,executable,180,0.43171296296296297
Outcome mix,train/executable_rate,executable,186,0.4675925925925926
Outcome mix,train/executable_rate,executable,192,0.4270833333333333
Outcome mix,train/executable_rate,executable,198,0.4421296296296297
Outcome mix,train/executable_rate,executable,204,0.517361111111111
Outcome mix,train/executable_rate,executable,210,0.41898148148148157
Outcome mix,train/executable_rate,executable,216,0.44675925925925924
Outcome mix,train/executable_rate,executable,222,0.4641203703703704
Outcome mix,train/executable_rate,executable,228,0.47800925925925924
Outcome mix,train/executable_rate,executable,234,0.6006944444444444
Outcome mix,train/executable_rate,executable,240,0.48726851851851843
Outcome mix,train/executable_rate,executable,246,0.48263888888888884
Outcome mix,train/executable_rate,executable,252,0.42476851851851855
Outcome mix,train/executable_rate,executable,258,0.4618055555555555
Outcome mix,train/executable_rate,executable,264,0.5300925925925926
Outcome mix,train/executable_rate,executable,270,0.5196759259259259
Outcome mix,train/executable_rate,executable,276,0.49884259259259256
Outcome mix,train/executable_rate,executable,282,0.5706018518518519
Outcome mix,train/executable_rate,executable,288,0.5462962962962964
Outcome mix,train/executable_rate,executable,294,0.5266203703703703
Outcome mix,train/executable_rate,executable,300,0.5266203703703703
Outcome mix,train/executable_rate,executable,306,0.5185185185185185
Outcome mix,train/executable_rate,executable,312,0.5208333333333333
Outcome mix,train/executable_rate,executable,318,0.5648148148148148
Outcome mix,train/executable_rate,executable,324,0.5034722222222223
Outcome mix,train/executable_rate,executable,330,0.5231481481481481
Outcome mix,train/executable_rate,executable,336,0.5324074074074073
Outcome mix,train/executable_rate,executable,342,0.5196759259259259
Outcome mix,train/executable_rate,executable,348,0.576388888888889
Outcome mix,train/executable_rate,executable,354,0.6006944444444444
Outcome mix,train/executable_rate,executable,360,0.5949074074074073
Outcome mix,train/executable_rate,executable,366,0.5648148148148149
Outcome mix,train/executable_rate,executable,372,0.5682870370370371
Outcome mix,train/executable_rate,executable,378,0.5729166666666666
Outcome mix,train/executable_rate,executable,384,0.556712962962963
Outcome mix,train/executable_rate,executable,390,0.6111111111111112
Outcome mix,train/executable_rate,executable,396,0.5335648148148149
Outcome mix,train/executable_rate,executable,402,0.6087962962962963
Outcome mix,train/executable_rate,executable,408,0.5219907407407407
Outcome mix,train/executable_rate,executable,414,0.5821759259259259
Outcome mix,train/executable_rate,executable,420,0.6527777777777778
Outcome mix,train/executable_rate,executable,426,0.607638888888889
Outcome mix,train/executable_rate,executable,432,0.5497685185185185
Outcome mix,train/executable_rate,executable,438,0.5648148148148149
Outcome mix,train/executable_rate,executable,444,0.6238425925925926
Outcome mix,train/executable_rate,executable,450,0.5752314814814814
Outcome mix,train/executable_rate,executable,456,0.5532407407407408
Outcome mix,train/executable_rate,executable,462,0.5740740740740741
Outcome mix,train/executable_rate,executable,468,0.5879629629629629
Outcome mix,train/executable_rate,executable,474,0.6203703703703703
Outcome mix,train/executable_rate,executable,480,0.582175925925926
Outcome mix,train/executable_rate,executable,486,0.5636574074074074
Outcome mix,train/executable_rate,executable,492,0.5740740740740741
Outcome mix,train/executable_rate,executable,498,0.5405092592592593
Outcome mix,train/executable_rate,executable,504,0.5416666666666666
Outcome mix,train/executable_rate,executable,510,0.5706018518518519
Outcome mix,train/executable_rate,executable,516,0.5925925925925927
Outcome mix,train/executable_rate,executable,522,0.585648148148148
Outcome mix,train/executable_rate,executable,528,0.5555555555555557
Outcome mix,train/executable_rate,executable,534,0.5636574074074074
Outcome mix,train/executable_rate,executable,540,0.6087962962962963
Outcome mix,train/executable_rate,executable,546,0.5532407407407407
Outcome mix,train/executable_rate,executable,552,0.5925925925925926
Outcome mix,train/executable_rate,executable,558,0.5416666666666666
Outcome mix,train/executable_rate,executable,564,0.517361111111111
Outcome mix,train/executable_rate,executable,570,0.5520833333333334
Outcome mix,train/executable_rate,executable,576,0.5717592592592593
Outcome mix,train/executable_rate,executable,582,0.5266203703703703
Outcome mix,train/executable_rate,executable,588,0.6446759259259259
Outcome mix,train/executable_rate,executable,594,0.5868055555555555
Outcome mix,train/executable_rate,executable,600,0.6180555555555555
Outcome mix,train/executable_rate,executable,606,0.6134259259259259
Outcome mix,train/executable_rate,executable,612,0.525462962962963
Outcome mix,train/executable_rate,executable,618,0.548611111111111
Outcome mix,train/executable_rate,executable,624,0.6087962962962963
Outcome mix,train/executable_rate,executable,630,0.5983796296296297
Outcome mix,train/executable_rate,executable,636,0.5972222222222222
Outcome mix,train/executable_rate,executable,642,0.5439814814814815
Outcome mix,train/executable_rate,executable,648,0.5960648148148148
Outcome mix,train/executable_rate,executable,654,0.579861111111111
Outcome mix,train/executable_rate,executable,660,0.6342592592592594
Outcome mix,train/executable_rate,executable,666,0.6030092592592592
Outcome mix,train/executable_rate,executable,672,0.6018518518518517
Outcome mix,train/executable_rate,executable,678,0.5428240740740741
Outcome mix,train/executable_rate,executable,684,0.6145833333333334
Outcome mix,train/executable_rate,executable,690,0.5787037037037037
Outcome mix,train/executable_rate,executable,696,0.5567129629629629
Outcome mix,train/executable_rate,executable,702,0.6053240740740741
Outcome mix,train/executable_rate,executable,708,0.5625
Outcome mix,train/executable_rate,executable,714,0.5810185185185185
Outcome mix,train/executable_rate,executable,720,0.5532407407407408
Outcome mix,train/executable_rate,executable,726,0.5983796296296297
Outcome mix,train/executable_rate,executable,732,0.642361111111111
Outcome mix,train/executable_rate,executable,738,0.5740740740740741
Outcome mix,train/executable_rate,executable,744,0.6203703703703703
Outcome mix,train/executable_rate,executable,750,0.5555555555555555
Outcome mix,train/executable_rate,executable,756,0.6539351851851852
Outcome mix,train/executable_rate,executable,762,0.5868055555555556
Outcome mix,train/executable_rate,executable,768,0.5416666666666666
Outcome mix,train/executable_rate,executable,774,0.5868055555555555
Outcome mix,train/executable_rate,executable,780,0.6122685185185185
Outcome mix,train/executable_rate,executable,786,0.5868055555555555
Outcome mix,train/executable_rate,executable,792,0.5972222222222222
Outcome mix,train/executable_rate,executable,798,0.5995370370370371
Outcome mix,train/executable_rate,executable,804,0.5891203703703703
Outcome mix,train/executable_rate,executable,810,0.5787037037037037
Outcome mix,train/executable_rate,executable,816,0.5717592592592592
Outcome mix,train/executable_rate,executable,822,0.5659722222222222
Outcome mix,train/executable_rate,executable,828,0.633101851851852
Outcome mix,train/executable_rate,executable,834,0.625
Outcome mix,train/executable_rate,executable,840,0.5335648148148148
Outcome mix,train/executable_rate,executable,846,0.5717592592592592
Outcome mix,train/executable_rate,executable,852,0.6006944444444445
Outcome mix,train/executable_rate,executable,858,0.5393518518518517
Outcome mix,train/executable_rate,executable,864,0.5439814814814815
Outcome mix,train/executable_rate,executable,870,0.5706018518518517
Outcome mix,train/executable_rate,executable,876,0.5370370370370371
Outcome mix,train/executable_rate,executable,882,0.5844907407407408
Outcome mix,train/executable_rate,executable,888,0.5763888888888888
Outcome mix,train/executable_rate,executable,894,0.5625
Outcome mix,train/executable_rate,executable,900,0.5219907407407407
Outcome mix,train/executable_rate,executable,906,0.6018518518518519
Outcome mix,train/executable_rate,executable,912,0.5231481481481483
Outcome mix,train/executable_rate,executable,918,0.6099537037037036
Outcome mix,train/executable_rate,executable,924,0.5937500000000001
Outcome mix,train/executable_rate,executable,930,0.5625000000000001
Outcome mix,train/executable_rate,executable,936,0.5578703703703703
Outcome mix,train/executable_rate,executable,942,0.6006944444444444
Outcome mix,train/executable_rate,executable,948,0.5856481481481483
Outcome mix,train/executable_rate,executable,954,0.5613425925925926
Outcome mix,train/executable_rate,executable,960,0.5960648148148148
Outcome mix,train/executable_rate,executable,966,0.545138888888889
Outcome mix,train/executable_rate,executable,972,0.5648148148148149
Outcome mix,train/executable_rate,executable,978,0.611111111111111
Outcome mix,train/executable_rate,executable,984,0.5810185185185186
Outcome mix,train/executable_rate,executable,990,0.6053240740740741
Outcome mix,train/executable_rate,executable,996,0.4849537037037037
Outcome mix,train/executable_rate,executable,1002,0.5405092592592592
Outcome mix,train/executable_rate,executable,1008,0.5497685185185185
Outcome mix,train/executable_rate,executable,1014,0.5613425925925926
Outcome mix,train/executable_rate,executable,1020,0.5532407407407408
Outcome mix,train/executable_rate,executable,1026,0.5937500000000001
Outcome mix,train/executable_rate,executable,1032,0.5381944444444445
Outcome mix,train/executable_rate,executable,1038,0.5763888888888888
Outcome mix,train/executable_rate,executable,1044,0.5810185185185185
Outcome mix,train/executable_rate,executable,1050,0.5243055555555556
Outcome mix,train/executable_rate,executable,1056,0.5694444444444445
Outcome mix,train/executable_rate,executable,1062,0.480324074074074
Outcome mix,train/executable_rate,executable,1068,0.545138888888889
Outcome mix,train/executable_rate,executable,1074,0.5902777777777778
Outcome mix,train/executable_rate,executable,1080,0.5324074074074074
Outcome mix,train/executable_rate,executable,1086,0.5891203703703703
Outcome mix,train/executable_rate,executable,1092,0.638888888888889
Outcome mix,train/executable_rate,executable,1098,0.5694444444444445
Outcome mix,train/executable_rate,executable,1104,0.5219907407407408
Outcome mix,train/executable_rate,executable,1110,0.513888888888889
Outcome mix,train/executable_rate,executable,1116,0.5115740740740741
Outcome mix,train/executable_rate,executable,1122,0.5300925925925926
Outcome mix,train/executable_rate,executable,1128,0.5115740740740741
Outcome mix,train/executable_rate,executable,1134,0.5752314814814815
Outcome mix,train/executable_rate,executable,1140,0.5509259259259259
Outcome mix,train/executable_rate,executable,1146,0.5474537037037037
Outcome mix,train/executable_rate,executable,1152,0.5023148148148148
Outcome mix,train/executable_rate,executable,1158,0.5520833333333334
Outcome mix,train/executable_rate,executable,1164,0.5104166666666666
Outcome mix,train/executable_rate,executable,1170,0.5393518518518519
Outcome mix,train/executable_rate,executable,1176,0.5104166666666667
Outcome mix,train/executable_rate,executable,1182,0.5254629629629629
Outcome mix,train/executable_rate,executable,1188,0.5011574074074074
Outcome mix,train/executable_rate,executable,1194,0.5023148148148148
Outcome mix,train/executable_rate,executable,1200,0.5439814814814814
Outcome mix,train/executable_rate,executable,1206,0.545138888888889
Outcome mix,train/executable_rate,executable,1212,0.5555555555555555
Outcome mix,train/executable_rate,executable,1218,0.5405092592592593
Outcome mix,train/executable_rate,executable,1224,0.5347222222222222
Outcome mix,train/executable_rate,executable,1230,0.5162037037037036
Outcome mix,train/executable_rate,executable,1236,0.5393518518518517
Outcome mix,train/executable_rate,executable,1242,0.5740740740740741
Outcome mix,train/executable_rate,executable,1248,0.5694444444444444
Outcome mix,train/executable_rate,executable,1254,0.5185185185185185
Outcome mix,train/executable_rate,executable,1260,0.5208333333333334
Outcome mix,train/executable_rate,executable,1266,0.5682870370370371
Outcome mix,train/executable_rate,executable,1272,0.5312500000000001
Outcome mix,train/executable_rate,executable,1278,0.5046296296296297
Outcome mix,train/executable_rate,executable,1284,0.5358796296296297
Outcome mix,train/executable_rate,executable,1290,0.5625000000000001
Outcome mix,train/executable_rate,executable,1296,0.513888888888889
Outcome mix,train/executable_rate,executable,1302,0.5578703703703703
Outcome mix,train/executable_rate,executable,1308,0.5081018518518519
Outcome mix,train/executable_rate,executable,1314,0.5011574074074076
Outcome mix,train/executable_rate,executable,1320,0.5219907407407407
Outcome mix,train/executable_rate,executable,1326,0.5162037037037037
Outcome mix,train/executable_rate,executable,1332,0.5717592592592594
Outcome mix,train/executable_rate,executable,1338,0.5567129629629629
Outcome mix,train/executable_rate,executable,1344,0.5196759259259259
Outcome mix,train/executable_rate,executable,1350,0.47453703703703703
Outcome mix,train/executable_rate,executable,1356,0.5625
Outcome mix,train/executable_rate,executable,1362,0.4895833333333333
Outcome mix,train/executable_rate,executable,1368,0.5231481481481481
Outcome mix,train/executable_rate,executable,1374,0.5509259259259259
Outcome mix,train/executable_rate,executable,1380,0.5636574074074073
Outcome mix,train/executable_rate,executable,1386,0.5717592592592592
Outcome mix,train/executable_rate,executable,1392,0.5358796296296297
Outcome mix,train/executable_rate,executable,1398,0.488425925925926
Outcome mix,train/executable_rate,executable,1404,0.47222222222222215
Outcome mix,train/executable_rate,executable,1410,0.5138888888888888
Outcome mix,train/executable_rate,executable,1416,0.47453703703703703
Outcome mix,train/executable_rate,executable,1422,0.5914351851851851
Outcome mix,train/executable_rate,executable,1428,0.5393518518518519
Outcome mix,train/executable_rate,executable,1434,0.5439814814814815
Outcome mix,train/executable_rate,executable,1440,0.5104166666666667
Outcome mix,train/executable_rate,executable,1446,0.5590277777777777
Outcome mix,train/executable_rate,executable,1452,0.5023148148148148
Outcome mix,train/executable_rate,executable,1458,0.5289351851851852
Outcome mix,train/executable_rate,executable,1464,0.5381944444444444
Outcome mix,train/executable_rate,executable,1470,0.5370370370370371
Outcome mix,train/executable_rate,executable,1476,0.5324074074074073
Outcome mix,train/executable_rate,executable,1482,0.5810185185185185
Outcome mix,train/executable_rate,executable,1488,0.5370370370370371
Outcome mix,train/executable_rate,executable,1494,0.5543981481481481
Outcome mix,train/executable_rate,executable,1500,0.5532407407407408
Outcome mix,train/executable_rate,executable,1506,0.4699074074074074
Outcome mix,train/executable_rate,executable,1512,0.5532407407407408
Outcome mix,train/executable_rate,executable,1518,0.5740740740740741
Outcome mix,train/executable_rate,executable,1524,0.53125
Outcome mix,train/executable_rate,executable,1530,0.45833333333333326
Outcome mix,train/executable_rate,executable,1536,0.47800925925925924
Outcome mix,train/executable_rate,executable,1542,0.517361111111111
Outcome mix,train/executable_rate,executable,1548,0.45486111111111116
Outcome mix,train/executable_rate,executable,1554,0.5578703703703703
Outcome mix,train/executable_rate,executable,1560,0.5381944444444444
Outcome mix,train/executable_rate,executable,1566,0.5162037037037036
Outcome mix,train/executable_rate,executable,1572,0.5034722222222222
Outcome mix,train/executable_rate,executable,1578,0.5717592592592592
Outcome mix,train/executable_rate,executable,1584,0.5486111111111112
Outcome mix,train/executable_rate,executable,1590,0.4710648148148147
Outcome mix,train/executable_rate,executable,1596,0.5474537037037037
Outcome mix,train/executable_rate,executable,1602,0.48263888888888884
Outcome mix,train/executable_rate,executable,1608,0.5428240740740741
Outcome mix,train/executable_rate,executable,1614,0.5092592592592593
Outcome mix,train/executable_rate,executable,1620,0.5
Outcome mix,train/executable_rate,executable,1626,0.5
Outcome mix,train/executable_rate,executable,1632,0.6446759259259259
Outcome mix,train/executable_rate,executable,1638,0.5277777777777778
Outcome mix,train/executable_rate,executable,1644,0.5104166666666666
Outcome mix,train/executable_rate,executable,1650,0.5578703703703703
Outcome mix,train/executable_rate,executable,1656,0.579861111111111
Outcome mix,train/executable_rate,executable,1658,0.6076388888888888
Outcome mix,train/executable_rate,executable,1658,0.6527777777777778
Outcome mix,train/parsable_rate,parsable,6,0.020833333333333332
Outcome mix,train/parsable_rate,parsable,12,0.016203703703703706
Outcome mix,train/parsable_rate,parsable,18,0.027777777777777776
Outcome mix,train/parsable_rate,parsable,24,0.031249999999999997
Outcome mix,train/parsable_rate,parsable,30,0.037037037037037035
Outcome mix,train/parsable_rate,parsable,36,0.010416666666666666
Outcome mix,train/parsable_rate,parsable,42,0.011574074074074075
Outcome mix,train/parsable_rate,parsable,48,0.010416666666666666
Outcome mix,train/parsable_rate,parsable,54,0.02777777777777778
Outcome mix,train/parsable_rate,parsable,60,0.045138888888888895
Outcome mix,train/parsable_rate,parsable,66,0.03587962962962963
Outcome mix,train/parsable_rate,parsable,72,0.03819444444444445
Outcome mix,train/parsable_rate,parsable,78,0.03009259259259259
Outcome mix,train/parsable_rate,parsable,84,0.006944444444444445
Outcome mix,train/parsable_rate,parsable,90,0.01736111111111111
Outcome mix,train/parsable_rate,parsable,96,0.015046296296296294
Outcome mix,train/parsable_rate,parsable,102,0.030092592592592587
Outcome mix,train/parsable_rate,parsable,108,0.032407407407407406
Outcome mix,train/parsable_rate,parsable,114,0.04976851851851852
Outcome mix,train/parsable_rate,parsable,120,0.02546296296296296
Outcome mix,train/parsable_rate,parsable,126,0.02199074074074074
Outcome mix,train/parsable_rate,parsable,132,0.03356481481481482
Outcome mix,train/parsable_rate,parsable,138,0.020833333333333332
Outcome mix,train/parsable_rate,parsable,144,0.03356481481481482
Outcome mix,train/parsable_rate,parsable,150,0.04398148148148148
Outcome mix,train/parsable_rate,parsable,156,0.04513888888888889
Outcome mix,train/parsable_rate,parsable,162,0.02546296296296296
Outcome mix,train/parsable_rate,parsable,168,0.026620370370370367
Outcome mix,train/parsable_rate,parsable,174,0.03125
Outcome mix,train/parsable_rate,parsable,180,0.04282407407407407
Outcome mix,train/parsable_rate,parsable,186,0.041666666666666664
Outcome mix,train/parsable_rate,parsable,192,0.04282407407407408
Outcome mix,train/parsable_rate,parsable,198,0.025462962962962965
Outcome mix,train/parsable_rate,parsable,204,0.03703703703703704
Outcome mix,train/parsable_rate,parsable,210,0.02199074074074074
Outcome mix,train/parsable_rate,parsable,216,0.05555555555555555
Outcome mix,train/parsable_rate,parsable,222,0.04398148148148148
Outcome mix,train/parsable_rate,parsable,228,0.052083333333333336
Outcome mix,train/parsable_rate,parsable,234,0.07523148148148147
Outcome mix,train/parsable_rate,parsable,240,0.03703703703703704
Outcome mix,train/parsable_rate,parsable,246,0.03356481481481482
Outcome mix,train/parsable_rate,parsable,252,0.060185185185185175
Outcome mix,train/parsable_rate,parsable,258,0.056712962962962965
Outcome mix,train/parsable_rate,parsable,264,0.053240740740740734
Outcome mix,train/parsable_rate,parsable,270,0.04513888888888889
Outcome mix,train/parsable_rate,parsable,276,0.0462962962962963
Outcome mix,train/parsable_rate,parsable,282,0.06597222222222222
Outcome mix,train/parsable_rate,parsable,288,0.07060185185185185
Outcome mix,train/parsable_rate,parsable,294,0.06249999999999999
Outcome mix,train/parsable_rate,parsable,300,0.052083333333333336
Outcome mix,train/parsable_rate,parsable,306,0.07407407407407408
Outcome mix,train/parsable_rate,parsable,312,0.04861111111111111
Outcome mix,train/parsable_rate,parsable,318,0.053240740740740734
Outcome mix,train/parsable_rate,parsable,324,0.06712962962962964
Outcome mix,train/parsable_rate,parsable,330,0.05439814814814814
Outcome mix,train/parsable_rate,parsable,336,0.048611111111111105
Outcome mix,train/parsable_rate,parsable,342,0.06944444444444445
Outcome mix,train/parsable_rate,parsable,348,0.1087962962962963
Outcome mix,train/parsable_rate,parsable,354,0.05787037037037037
Outcome mix,train/parsable_rate,parsable,360,0.045138888888888895
Outcome mix,train/parsable_rate,parsable,366,0.06481481481481481
Outcome mix,train/parsable_rate,parsable,372,0.0462962962962963
Outcome mix,train/parsable_rate,parsable,378,0.060185185185185196
Outcome mix,train/parsable_rate,parsable,384,0.05555555555555556
Outcome mix,train/parsable_rate,parsable,390,0.052083333333333336
Outcome mix,train/parsable_rate,parsable,396,0.05324074074074075
Outcome mix,train/parsable_rate,parsable,402,0.0474537037037037
Outcome mix,train/parsable_rate,parsable,408,0.048611111111111105
Outcome mix,train/parsable_rate,parsable,414,0.0474537037037037
Outcome mix,train/parsable_rate,parsable,420,0.05902777777777777
Outcome mix,train/parsable_rate,parsable,426,0.0474537037037037
Outcome mix,train/parsable_rate,parsable,432,0.06134259259259259
Outcome mix,train/parsable_rate,parsable,438,0.05671296296296296
Outcome mix,train/parsable_rate,parsable,444,0.03240740740740741
Outcome mix,train/parsable_rate,parsable,450,0.043981481481481476
Outcome mix,train/parsable_rate,parsable,456,0.06481481481481481
Outcome mix,train/parsable_rate,parsable,462,0.07523148148148148
Outcome mix,train/parsable_rate,parsable,468,0.0474537037037037
Outcome mix,train/parsable_rate,parsable,474,0.03819444444444445
Outcome mix,train/parsable_rate,parsable,480,0.06250000000000001
Outcome mix,train/parsable_rate,parsable,486,0.05092592592592593
Outcome mix,train/parsable_rate,parsable,492,0.06250000000000001
Outcome mix,train/parsable_rate,parsable,498,0.0636574074074074
Outcome mix,train/parsable_rate,parsable,504,0.043981481481481476
Outcome mix,train/parsable_rate,parsable,510,0.0474537037037037
Outcome mix,train/parsable_rate,parsable,516,0.0636574074074074
Outcome mix,train/parsable_rate,parsable,522,0.04398148148148148
Outcome mix,train/parsable_rate,parsable,528,0.0636574074074074
Outcome mix,train/parsable_rate,parsable,534,0.0474537037037037
Outcome mix,train/parsable_rate,parsable,540,0.05555555555555555
Outcome mix,train/parsable_rate,parsable,546,0.04976851851851852
Outcome mix,train/parsable_rate,parsable,552,0.0474537037037037
Outcome mix,train/parsable_rate,parsable,558,0.04976851851851852
Outcome mix,train/parsable_rate,parsable,564,0.0625
Outcome mix,train/parsable_rate,parsable,570,0.06712962962962964
Outcome mix,train/parsable_rate,parsable,576,0.08680555555555557
Outcome mix,train/parsable_rate,parsable,582,0.0636574074074074
Outcome mix,train/parsable_rate,parsable,588,0.01736111111111111
Outcome mix,train/parsable_rate,parsable,594,0.05787037037037037
Outcome mix,train/parsable_rate,parsable,600,0.048611111111111105
Outcome mix,train/parsable_rate,parsable,606,0.04398148148148148
Outcome mix,train/parsable_rate,parsable,612,0.03703703703703704
Outcome mix,train/parsable_rate,parsable,618,0.03356481481481482
Outcome mix,train/parsable_rate,parsable,624,0.056712962962962965
Outcome mix,train/parsable_rate,parsable,630,0.060185185185185196
Outcome mix,train/parsable_rate,parsable,636,0.03703703703703703
Outcome mix,train/parsable_rate,parsable,642,0.05787037037037037
Outcome mix,train/parsable_rate,parsable,648,0.04976851851851852
Outcome mix,train/parsable_rate,parsable,654,0.04050925925925925
Outcome mix,train/parsable_rate,parsable,660,0.02777777777777778
Outcome mix,train/parsable_rate,parsable,666,0.04282407407407407
Outcome mix,train/parsable_rate,parsable,672,0.041666666666666664
Outcome mix,train/parsable_rate,parsable,678,0.03472222222222222
Outcome mix,train/parsable_rate,parsable,684,0.08680555555555557
Outcome mix,train/parsable_rate,parsable,690,0.041666666666666664
Outcome mix,train/parsable_rate,parsable,696,0.03125
Outcome mix,train/parsable_rate,parsable,702,0.04050925925925926
Outcome mix,train/parsable_rate,parsable,708,0.040509259259259266
Outcome mix,train/parsable_rate,parsable,714,0.034722222222222224
Outcome mix,train/parsable_rate,parsable,720,0.041666666666666664
Outcome mix,train/parsable_rate,parsable,726,0.037037037037037035
Outcome mix,train/parsable_rate,parsable,732,0.026620370370370367
Outcome mix,train/parsable_rate,parsable,738,0.03935185185185185
Outcome mix,train/parsable_rate,parsable,744,0.04050925925925925
Outcome mix,train/parsable_rate,parsable,750,0.052083333333333336
Outcome mix,train/parsable_rate,parsable,756,0.03356481481481481
Outcome mix,train/parsable_rate,parsable,762,0.032407407407407406
Outcome mix,train/parsable_rate,parsable,768,0.04398148148148148
Outcome mix,train/parsable_rate,parsable,774,0.03356481481481482
Outcome mix,train/parsable_rate,parsable,780,0.019675925925925923
Outcome mix,train/parsable_rate,parsable,786,0.019675925925925927
Outcome mix,train/parsable_rate,parsable,792,0.025462962962962965
Outcome mix,train/parsable_rate,parsable,798,0.03587962962962963
Outcome mix,train/parsable_rate,parsable,804,0.03935185185185185
Outcome mix,train/parsable_rate,parsable,810,0.03356481481481482
Outcome mix,train/parsable_rate,parsable,816,0.030092592592592598
Outcome mix,train/parsable_rate,parsable,822,0.020833333333333332
Outcome mix,train/parsable_rate,parsable,828,0.03125
Outcome mix,train/parsable_rate,parsable,834,0.012731481481481483
Outcome mix,train/parsable_rate,parsable,840,0.030092592592592598
Outcome mix,train/parsable_rate,parsable,846,0.021990740740740738
Outcome mix,train/parsable_rate,parsable,852,0.018518518518518517
Outcome mix,train/parsable_rate,parsable,858,0.009259259259259259
Outcome mix,train/parsable_rate,parsable,864,0.017361111111111112
Outcome mix,train/parsable_rate,parsable,870,0.01273148148148148
Outcome mix,train/parsable_rate,parsable,876,0.017361111111111112
Outcome mix,train/parsable_rate,parsable,882,0.027777777777777776
Outcome mix,train/parsable_rate,parsable,888,0.019675925925925927
Outcome mix,train/parsable_rate,parsable,894,0.02314814814814815
Outcome mix,train/parsable_rate,parsable,900,0.025462962962962965
Outcome mix,train/parsable_rate,parsable,906,0.013888888888888888
Outcome mix,train/parsable_rate,parsable,912,0.024305555555555556
Outcome mix,train/parsable_rate,parsable,918,0.02199074074074074
Outcome mix,train/parsable_rate,parsable,924,0.02199074074074074
Outcome mix,train/parsable_rate,parsable,930,0.020833333333333332
Outcome mix,train/parsable_rate,parsable,936,0.02199074074074074
Outcome mix,train/parsable_rate,parsable,942,0.019675925925925927
Outcome mix,train/parsable_rate,parsable,948,0.01736111111111111
Outcome mix,train/parsable_rate,parsable,954,0.019675925925925927
Outcome mix,train/parsable_rate,parsable,960,0.01736111111111111
Outcome mix,train/parsable_rate,parsable,966,0.01273148148148148
Outcome mix,train/parsable_rate,parsable,972,0.02199074074074074
Outcome mix,train/parsable_rate,parsable,978,0.013888888888888888
Outcome mix,train/parsable_rate,parsable,984,0.024305555555555556
Outcome mix,train/parsable_rate,parsable,990,0.010416666666666666
Outcome mix,train/parsable_rate,parsable,996,0.02314814814814815
Outcome mix,train/parsable_rate,parsable,1002,0.026620370370370374
Outcome mix,train/parsable_rate,parsable,1008,0.019675925925925927
Outcome mix,train/parsable_rate,parsable,1014,0.010416666666666666
Outcome mix,train/parsable_rate,parsable,1020,0.016203703703703703
Outcome mix,train/parsable_rate,parsable,1026,0.026620370370370374
Outcome mix,train/parsable_rate,parsable,1032,0.019675925925925927
Outcome mix,train/parsable_rate,parsable,1038,0.025462962962962965
Outcome mix,train/parsable_rate,parsable,1044,0.019675925925925923
Outcome mix,train/parsable_rate,parsable,1050,0.013888888888888888
Outcome mix,train/parsable_rate,parsable,1056,0.018518518518518517
Outcome mix,train/parsable_rate,parsable,1062,0.024305555555555552
Outcome mix,train/parsable_rate,parsable,1068,0.015046296296296295
Outcome mix,train/parsable_rate,parsable,1074,0.01273148148148148
Outcome mix,train/parsable_rate,parsable,1080,0.013888888888888888
Outcome mix,train/parsable_rate,parsable,1086,0.011574074074074075
Outcome mix,train/parsable_rate,parsable,1092,0.02199074074074074
Outcome mix,train/parsable_rate,parsable,1098,0.010416666666666666
Outcome mix,train/parsable_rate,parsable,1104,0.011574074074074075
Outcome mix,train/parsable_rate,parsable,1110,0.01388888888888889
Outcome mix,train/parsable_rate,parsable,1116,0.015046296296296299
Outcome mix,train/parsable_rate,parsable,1122,0.012731481481481483
Outcome mix,train/parsable_rate,parsable,1128,0.012731481481481483
Outcome mix,train/parsable_rate,parsable,1134,0.011574074074074075
Outcome mix,train/parsable_rate,parsable,1140,0.012731481481481483
Outcome mix,train/parsable_rate,parsable,1146,0.011574074074074075
Outcome mix,train/parsable_rate,parsable,1152,0.004629629629629629
Outcome mix,train/parsable_rate,parsable,1158,0.012731481481481483
Outcome mix,train/parsable_rate,parsable,1164,0.006944444444444445
Outcome mix,train/parsable_rate,parsable,1170,0.011574074074074075
Outcome mix,train/parsable_rate,parsable,1176,0.01736111111111111
Outcome mix,train/parsable_rate,parsable,1182,0.013888888888888888
Outcome mix,train/parsable_rate,parsable,1188,0.010416666666666666
Outcome mix,train/parsable_rate,parsable,1194,0.010416666666666666
Outcome mix,train/parsable_rate,parsable,1200,0.008101851851851851
Outcome mix,train/parsable_rate,parsable,1206,0.012731481481481483
Outcome mix,train/parsable_rate,parsable,1212,0.011574074074074075
Outcome mix,train/parsable_rate,parsable,1218,0.010416666666666666
Outcome mix,train/parsable_rate,parsable,1224,0.012731481481481483
Outcome mix,train/parsable_rate,parsable,1230,0.01388888888888889
Outcome mix,train/parsable_rate,parsable,1236,0.008101851851851851
Outcome mix,train/parsable_rate,parsable,1242,0.010416666666666666
Outcome mix,train/parsable_rate,parsable,1248,0.01388888888888889
Outcome mix,train/parsable_rate,parsable,1254,0.008101851851851851
Outcome mix,train/parsable_rate,parsable,1260,0.015046296296296299
Outcome mix,train/parsable_rate,parsable,1266,0.01388888888888889
Outcome mix,train/parsable_rate,parsable,1272,0.01388888888888889
Outcome mix,train/parsable_rate,parsable,1278,0.006944444444444445
Outcome mix,train/parsable_rate,parsable,1284,0.006944444444444445
Outcome mix,train/parsable_rate,parsable,1290,0.01388888888888889
Outcome mix,train/parsable_rate,parsable,1296,0.01388888888888889
Outcome mix,train/parsable_rate,parsable,1302,0.011574074074074072
Outcome mix,train/parsable_rate,parsable,1308,0.011574074074074075
Outcome mix,train/parsable_rate,parsable,1314,0.009259259259259259
Outcome mix,train/parsable_rate,parsable,1320,0.010416666666666666
Outcome mix,train/parsable_rate,parsable,1326,0.008101851851851851
Outcome mix,train/parsable_rate,parsable,1332,0.005787037037037038
Outcome mix,train/parsable_rate,parsable,1338,0.0023148148148148147
Outcome mix,train/parsable_rate,parsable,1344,0.01041666666666667
Outcome mix,train/parsable_rate,parsable,1350,0.005787037037037038
Outcome mix,train/parsable_rate,parsable,1356,0.009259259259259259
Outcome mix,train/parsable_rate,parsable,1362,0.010416666666666666
Outcome mix,train/parsable_rate,parsable,1368,0.008101851851851851
Outcome mix,train/parsable_rate,parsable,1374,0.004629629629629629
Outcome mix,train/parsable_rate,parsable,1380,0.006944444444444445
Outcome mix,train/parsable_rate,parsable,1386,0.008101851851851853
Outcome mix,train/parsable_rate,parsable,1392,0.003472222222222222
Outcome mix,train/parsable_rate,parsable,1398,0.006944444444444445
Outcome mix,train/parsable_rate,parsable,1404,0.011574074074074075
Outcome mix,train/parsable_rate,parsable,1410,0.004629629629629629
Outcome mix,train/parsable_rate,parsable,1416,0.006944444444444444
Outcome mix,train/parsable_rate,parsable,1422,0.005787037037037038
Outcome mix,train/parsable_rate,parsable,1428,0.008101851851851853
Outcome mix,train/parsable_rate,parsable,1434,0.010416666666666666
Outcome mix,train/parsable_rate,parsable,1440,0.004629629629629629
Outcome mix,train/parsable_rate,parsable,1446,0.006944444444444444
Outcome mix,train/parsable_rate,parsable,1452,0.004629629629629629
Outcome mix,train/parsable_rate,parsable,1458,0.003472222222222222
Outcome mix,train/parsable_rate,parsable,1464,0.005787037037037038
Outcome mix,train/parsable_rate,parsable,1470,0.016203703703703703
Outcome mix,train/parsable_rate,parsable,1476,0.008101851851851853
Outcome mix,train/parsable_rate,parsable,1482,0.005787037037037038
Outcome mix,train/parsable_rate,parsable,1488,0.008101851851851851
Outcome mix,train/parsable_rate,parsable,1494,0.010416666666666666
Outcome mix,train/parsable_rate,parsable,1500,0.010416666666666666
Outcome mix,train/parsable_rate,parsable,1506,0.011574074074074075
Outcome mix,train/parsable_rate,parsable,1512,0.01273148148148148
Outcome mix,train/parsable_rate,parsable,1518,0.009259259259259259
Outcome mix,train/parsable_rate,parsable,1524,0.005787037037037038
Outcome mix,train/parsable_rate,parsable,1530,0.011574074074074075
Outcome mix,train/parsable_rate,parsable,1536,0.004629629629629629
Outcome mix,train/parsable_rate,parsable,1542,0.005787037037037038
Outcome mix,train/parsable_rate,parsable,1548,0.006944444444444444
Outcome mix,train/parsable_rate,parsable,1554,0.004629629629629629
Outcome mix,train/parsable_rate,parsable,1560,0.006944444444444444
Outcome mix,train/parsable_rate,parsable,1566,0.012731481481481483
Outcome mix,train/parsable_rate,parsable,1572,0.012731481481481483
Outcome mix,train/parsable_rate,parsable,1578,0.010416666666666666
Outcome mix,train/parsable_rate,parsable,1584,0.011574074074074075
Outcome mix,train/parsable_rate,parsable,1590,0.008101851851851851
Outcome mix,train/parsable_rate,parsable,1596,0.00925925925925926
Outcome mix,train/parsable_rate,parsable,1602,0.005787037037037038
Outcome mix,train/parsable_rate,parsable,1608,0.004629629629629629
Outcome mix,train/parsable_rate,parsable,1614,0.015046296296296299
Outcome mix,train/parsable_rate,parsable,1620,0.005787037037037038
Outcome mix,train/parsable_rate,parsable,1626,0.005787037037037038
Outcome mix,train/parsable_rate,parsable,1632,0.008101851851851851
Outcome mix,train/parsable_rate,parsable,1638,0.009259259259259259
Outcome mix,train/parsable_rate,parsable,1644,0.008101851851851851
Outcome mix,train/parsable_rate,parsable,1650,0.011574074074074075
Outcome mix,train/parsable_rate,parsable,1656,0.005787037037037038
Outcome mix,train/parsable_rate,parsable,1658,0.010416666666666666
Outcome mix,train/parsable_rate,parsable,1658,0.013888888888888888
Outcome mix,train/invalid_rate,invalid,6,0.5787037037037036
Outcome mix,train/invalid_rate,invalid,12,0.611111111111111
Outcome mix,train/invalid_rate,invalid,18,0.4479166666666667
Outcome mix,train/invalid_rate,invalid,24,0.3055555555555556
Outcome mix,train/invalid_rate,invalid,30,0.18287037037037038
Outcome mix,train/invalid_rate,invalid,36,0.08564814814814815
Outcome mix,train/invalid_rate,invalid,42,0.13310185185185186
Outcome mix,train/invalid_rate,invalid,48,0.6400462962962963
Outcome mix,train/invalid_rate,invalid,54,0.5115740740740741
Outcome mix,train/invalid_rate,invalid,60,0.37615740740740744
Outcome mix,train/invalid_rate,invalid,66,0.26736111111111116
Outcome mix,train/invalid_rate,invalid,72,0.2789351851851852
Outcome mix,train/invalid_rate,invalid,78,0.5474537037037037
Outcome mix,train/invalid_rate,invalid,84,0.5196759259259259
Outcome mix,train/invalid_rate,invalid,90,0.5347222222222222
Outcome mix,train/invalid_rate,invalid,96,0.5046296296296297
Outcome mix,train/invalid_rate,invalid,102,0.5428240740740741
Outcome mix,train/invalid_rate,invalid,108,0.5300925925925926
Outcome mix,train/invalid_rate,invalid,114,0.4664351851851852
Outcome mix,train/invalid_rate,invalid,120,0.2395833333333333
Outcome mix,train/invalid_rate,invalid,126,0.24537037037037038
Outcome mix,train/invalid_rate,invalid,132,0.462962962962963
Outcome mix,train/invalid_rate,invalid,138,0.4108796296296296
Outcome mix,train/invalid_rate,invalid,144,0.34722222222222215
Outcome mix,train/invalid_rate,invalid,150,0.39699074074074076
Outcome mix,train/invalid_rate,invalid,156,0.2789351851851852
Outcome mix,train/invalid_rate,invalid,162,0.37615740740740744
Outcome mix,train/invalid_rate,invalid,168,0.28935185185185186
Outcome mix,train/invalid_rate,invalid,174,0.28472222222222227
Outcome mix,train/invalid_rate,invalid,180,0.3553240740740741
Outcome mix,train/invalid_rate,invalid,186,0.3101851851851852
Outcome mix,train/invalid_rate,invalid,192,0.2916666666666667
Outcome mix,train/invalid_rate,invalid,198,0.31250000000000006
Outcome mix,train/invalid_rate,invalid,204,0.2581018518518519
Outcome mix,train/invalid_rate,invalid,210,0.34259259259259256
Outcome mix,train/invalid_rate,invalid,216,0.30439814814814814
Outcome mix,train/invalid_rate,invalid,222,0.3020833333333333
Outcome mix,train/invalid_rate,invalid,228,0.27199074074074076
Outcome mix,train/invalid_rate,invalid,234,0.10532407407407408
Outcome mix,train/invalid_rate,invalid,240,0.2476851851851852
Outcome mix,train/invalid_rate,invalid,246,0.2824074074074074
Outcome mix,train/invalid_rate,invalid,252,0.29398148148148145
Outcome mix,train/invalid_rate,invalid,258,0.2025462962962963
Outcome mix,train/invalid_rate,invalid,264,0.21064814814814814
Outcome mix,train/invalid_rate,invalid,270,0.20254629629629628
Outcome mix,train/invalid_rate,invalid,276,0.19560185185185186
Outcome mix,train/invalid_rate,invalid,282,0.20370370370370372
Outcome mix,train/invalid_rate,invalid,288,0.17592592592592593
Outcome mix,train/invalid_rate,invalid,294,0.23263888888888887
Outcome mix,train/invalid_rate,invalid,300,0.18287037037037038
Outcome mix,train/invalid_rate,invalid,306,0.19212962962962962
Outcome mix,train/invalid_rate,invalid,312,0.2025462962962963
Outcome mix,train/invalid_rate,invalid,318,0.19675925925925922
Outcome mix,train/invalid_rate,invalid,324,0.1875
Outcome mix,train/invalid_rate,invalid,330,0.21412037037037038
Outcome mix,train/invalid_rate,invalid,336,0.16666666666666666
Outcome mix,train/invalid_rate,invalid,342,0.0925925925925926
Outcome mix,train/invalid_rate,invalid,348,0.06018518518518518
Outcome mix,train/invalid_rate,invalid,354,0.10069444444444446
Outcome mix,train/invalid_rate,invalid,360,0.15972222222222224
Outcome mix,train/invalid_rate,invalid,366,0.12152777777777779
Outcome mix,train/invalid_rate,invalid,372,0.11689814814814814
Outcome mix,train/invalid_rate,invalid,378,0.10185185185185186
Outcome mix,train/invalid_rate,invalid,384,0.11574074074074076
Outcome mix,train/invalid_rate,invalid,390,0.10416666666666667
Outcome mix,train/invalid_rate,invalid,396,0.11111111111111112
Outcome mix,train/invalid_rate,invalid,402,0.09143518518518519
Outcome mix,train/invalid_rate,invalid,408,0.0787037037037037
Outcome mix,train/invalid_rate,invalid,414,0.08796296296296297
Outcome mix,train/invalid_rate,invalid,420,0.08796296296296297
Outcome mix,train/invalid_rate,invalid,426,0.09375000000000001
Outcome mix,train/invalid_rate,invalid,432,0.08796296296296297
Outcome mix,train/invalid_rate,invalid,438,0.09375
Outcome mix,train/invalid_rate,invalid,444,0.0925925925925926
Outcome mix,train/invalid_rate,invalid,450,0.08101851851851853
Outcome mix,train/invalid_rate,invalid,456,0.06018518518518518
Outcome mix,train/invalid_rate,invalid,462,0.03935185185185185
Outcome mix,train/invalid_rate,invalid,468,0.043981481481481476
Outcome mix,train/invalid_rate,invalid,474,0.09837962962962964
Outcome mix,train/invalid_rate,invalid,480,0.06018518518518518
Outcome mix,train/invalid_rate,invalid,486,0.08217592592592594
Outcome mix,train/invalid_rate,invalid,492,0.06828703703703703
Outcome mix,train/invalid_rate,invalid,498,0.048611111111111105
Outcome mix,train/invalid_rate,invalid,504,0.052083333333333336
Outcome mix,train/invalid_rate,invalid,510,0.0462962962962963
Outcome mix,train/invalid_rate,invalid,516,0.06481481481481483
Outcome mix,train/invalid_rate,invalid,522,0.05787037037037037
Outcome mix,train/invalid_rate,invalid,528,0.05902777777777778
Outcome mix,train/invalid_rate,invalid,534,0.04513888888888889
Outcome mix,train/invalid_rate,invalid,540,0.06481481481481481
Outcome mix,train/invalid_rate,invalid,546,0.05555555555555556
Outcome mix,train/invalid_rate,invalid,552,0.041666666666666664
Outcome mix,train/invalid_rate,invalid,558,0.0462962962962963
Outcome mix,train/invalid_rate,invalid,564,0.037037037037037035
Outcome mix,train/invalid_rate,invalid,570,0.03472222222222222
Outcome mix,train/invalid_rate,invalid,576,0.025462962962962965
Outcome mix,train/invalid_rate,invalid,582,0.03472222222222222
Outcome mix,train/invalid_rate,invalid,588,0.04398148148148148
Outcome mix,train/invalid_rate,invalid,594,0.0474537037037037
Outcome mix,train/invalid_rate,invalid,600,0.03125
Outcome mix,train/invalid_rate,invalid,606,0.03009259259259259
Outcome mix,train/invalid_rate,invalid,612,0.03935185185185185
Outcome mix,train/invalid_rate,invalid,618,0.03587962962962963
Outcome mix,train/invalid_rate,invalid,624,0.02314814814814815
Outcome mix,train/invalid_rate,invalid,630,0.024305555555555552
Outcome mix,train/invalid_rate,invalid,636,0.01388888888888889
Outcome mix,train/invalid_rate,invalid,642,0.019675925925925927
Outcome mix,train/invalid_rate,invalid,648,0.027777777777777776
Outcome mix,train/invalid_rate,invalid,654,0.02893518518518519
Outcome mix,train/invalid_rate,invalid,660,0.02777777777777778
Outcome mix,train/invalid_rate,invalid,666,0.02314814814814815
Outcome mix,train/invalid_rate,invalid,672,0.019675925925925927
Outcome mix,train/invalid_rate,invalid,678,0.024305555555555556
Outcome mix,train/invalid_rate,invalid,684,0.026620370370370367
Outcome mix,train/invalid_rate,invalid,690,0.024305555555555552
Outcome mix,train/invalid_rate,invalid,696,0.018518518518518517
Outcome mix,train/invalid_rate,invalid,702,0.020833333333333332
Outcome mix,train/invalid_rate,invalid,708,0.019675925925925927
Outcome mix,train/invalid_rate,invalid,714,0.03472222222222222
Outcome mix,train/invalid_rate,invalid,720,0.019675925925925927
Outcome mix,train/invalid_rate,invalid,726,0.018518518518518517
Outcome mix,train/invalid_rate,invalid,732,0.013888888888888888
Outcome mix,train/invalid_rate,invalid,738,0.010416666666666666
Outcome mix,train/invalid_rate,invalid,744,0.011574074074074075
Outcome mix,train/invalid_rate,invalid,750,0.016203703703703703
Outcome mix,train/invalid_rate,invalid,756,0.012731481481481483
Outcome mix,train/invalid_rate,invalid,762,0.016203703703703706
Outcome mix,train/invalid_rate,invalid,768,0.016203703703703703
Outcome mix,train/invalid_rate,invalid,774,0.020833333333333332
Outcome mix,train/invalid_rate,invalid,780,0.01273148148148148
Outcome mix,train/invalid_rate,invalid,786,0.010416666666666666
Outcome mix,train/invalid_rate,invalid,792,0.016203703703703703
Outcome mix,train/invalid_rate,invalid,798,0.008101851851851853
Outcome mix,train/invalid_rate,invalid,804,0.003472222222222222
Outcome mix,train/invalid_rate,invalid,810,0.012731481481481483
Outcome mix,train/invalid_rate,invalid,816,0.008101851851851851
Outcome mix,train/invalid_rate,invalid,822,0.012731481481481483
Outcome mix,train/invalid_rate,invalid,828,0.01273148148148148
Outcome mix,train/invalid_rate,invalid,834,0.009259259259259259
Outcome mix,train/invalid_rate,invalid,840,0.011574074074074075
Outcome mix,train/invalid_rate,invalid,846,0.016203703703703703
Outcome mix,train/invalid_rate,invalid,852,0.012731481481481483
Outcome mix,train/invalid_rate,invalid,858,0.020833333333333332
Outcome mix,train/invalid_rate,invalid,864,0.015046296296296294
Outcome mix,train/invalid_rate,invalid,870,0.01273148148148148
Outcome mix,train/invalid_rate,invalid,876,0.010416666666666666
Outcome mix,train/invalid_rate,invalid,882,0.010416666666666666
Outcome mix,train/invalid_rate,invalid,888,0.006944444444444444
Outcome mix,train/invalid_rate,invalid,894,0.010416666666666666
Outcome mix,train/invalid_rate,invalid,900,0.00925925925925926
Outcome mix,train/invalid_rate,invalid,906,0.02314814814814815
Outcome mix,train/invalid_rate,invalid,912,0.018518518518518517
Outcome mix,train/invalid_rate,invalid,918,0.01388888888888889
Outcome mix,train/invalid_rate,invalid,924,0.016203703703703703
Outcome mix,train/invalid_rate,invalid,930,0.015046296296296299
Outcome mix,train/invalid_rate,invalid,936,0.00925925925925926
Outcome mix,train/invalid_rate,invalid,942,0.006944444444444444
Outcome mix,train/invalid_rate,invalid,948,0.010416666666666666
Outcome mix,train/invalid_rate,invalid,954,0.009259259259259259
Outcome mix,train/invalid_rate,invalid,960,0.010416666666666666
Outcome mix,train/invalid_rate,invalid,966,0.004629629629629629
Outcome mix,train/invalid_rate,invalid,972,0.01273148148148148
Outcome mix,train/invalid_rate,invalid,978,0.01388888888888889
Outcome mix,train/invalid_rate,invalid,984,0.009259259259259259
Outcome mix,train/invalid_rate,invalid,990,0.005787037037037038
Outcome mix,train/invalid_rate,invalid,996,0.016203703703703706
Outcome mix,train/invalid_rate,invalid,1002,0.010416666666666666
Outcome mix,train/invalid_rate,invalid,1008,0.016203703703703706
Outcome mix,train/invalid_rate,invalid,1014,0.005787037037037038
Outcome mix,train/invalid_rate,invalid,1020,0.011574074074074075
Outcome mix,train/invalid_rate,invalid,1026,0.005787037037037038
Outcome mix,train/invalid_rate,invalid,1032,0.006944444444444445
Outcome mix,train/invalid_rate,invalid,1038,0.010416666666666666
Outcome mix,train/invalid_rate,invalid,1044,0.006944444444444444
Outcome mix,train/invalid_rate,invalid,1050,0.012731481481481483
Outcome mix,train/invalid_rate,invalid,1056,0.008101851851851851
Outcome mix,train/invalid_rate,invalid,1062,0.004629629629629629
Outcome mix,train/invalid_rate,invalid,1068,0.010416666666666666
Outcome mix,train/invalid_rate,invalid,1074,0.01388888888888889
Outcome mix,train/invalid_rate,invalid,1080,0.004629629629629629
Outcome mix,train/invalid_rate,invalid,1086,0.011574074074074072
Outcome mix,train/invalid_rate,invalid,1092,0.003472222222222222
Outcome mix,train/invalid_rate,invalid,1098,0.009259259259259259
Outcome mix,train/invalid_rate,invalid,1104,0.006944444444444444
Outcome mix,train/invalid_rate,invalid,1110,0.0023148148148148147
Outcome mix,train/invalid_rate,invalid,1116,0.006944444444444445
Outcome mix,train/invalid_rate,invalid,1122,0.011574074074074075
Outcome mix,train/invalid_rate,invalid,1128,0.00925925925925926
Outcome mix,train/invalid_rate,invalid,1134,0.003472222222222222
Outcome mix,train/invalid_rate,invalid,1140,0.005787037037037038
Outcome mix,train/invalid_rate,invalid,1146,0.006944444444444445
Outcome mix,train/invalid_rate,invalid,1152,0.010416666666666666
Outcome mix,train/invalid_rate,invalid,1158,0.005787037037037038
Outcome mix,train/invalid_rate,invalid,1164,0.005787037037037038
Outcome mix,train/invalid_rate,invalid,1170,0.009259259259259259
Outcome mix,train/invalid_rate,invalid,1176,0.008101851851851851
Outcome mix,train/invalid_rate,invalid,1182,0.010416666666666666
Outcome mix,train/invalid_rate,invalid,1188,0.003472222222222222
Outcome mix,train/invalid_rate,invalid,1194,0.004629629629629629
Outcome mix,train/invalid_rate,invalid,1200,0.004629629629629629
Outcome mix,train/invalid_rate,invalid,1206,0.004629629629629629
Outcome mix,train/invalid_rate,invalid,1212,0.003472222222222222
Outcome mix,train/invalid_rate,invalid,1218,0.005787037037037038
Outcome mix,train/invalid_rate,invalid,1224,0.004629629629629629
Outcome mix,train/invalid_rate,invalid,1230,0.005787037037037038
Outcome mix,train/invalid_rate,invalid,1236,0.008101851851851851
Outcome mix,train/invalid_rate,invalid,1242,0.004629629629629629
Outcome mix,train/invalid_rate,invalid,1248,0.008101851851851853
Outcome mix,train/invalid_rate,invalid,1254,0.012731481481481483
Outcome mix,train/invalid_rate,invalid,1260,0.005787037037037038
Outcome mix,train/invalid_rate,invalid,1266,0.003472222222222222
Outcome mix,train/invalid_rate,invalid,1272,0.003472222222222222
Outcome mix,train/invalid_rate,invalid,1278,0.004629629629629629
Outcome mix,train/invalid_rate,invalid,1284,0.004629629629629629
Outcome mix,train/invalid_rate,invalid,1290,0.0023148148148148147
Outcome mix,train/invalid_rate,invalid,1296,0.01388888888888889
Outcome mix,train/invalid_rate,invalid,1302,0.005787037037037038
Outcome mix,train/invalid_rate,invalid,1308,0.008101851851851851
Outcome mix,train/invalid_rate,invalid,1314,0.005787037037037038
Outcome mix,train/invalid_rate,invalid,1320,0.005787037037037038
Outcome mix,train/invalid_rate,invalid,1326,0.006944444444444445
Outcome mix,train/invalid_rate,invalid,1332,0.0011574074074074073
Outcome mix,train/invalid_rate,invalid,1338,0.004629629629629629
Outcome mix,train/invalid_rate,invalid,1344,0.0023148148148148147
Outcome mix,train/invalid_rate,invalid,1350,0.004629629629629629
Outcome mix,train/invalid_rate,invalid,1356,0.005787037037037038
Outcome mix,train/invalid_rate,invalid,1362,0.015046296296296295
Outcome mix,train/invalid_rate,invalid,1368,0.005787037037037038
Outcome mix,train/invalid_rate,invalid,1374,0.008101851851851851
Outcome mix,train/invalid_rate,invalid,1380,0.006944444444444444
Outcome mix,train/invalid_rate,invalid,1386,0.003472222222222222
Outcome mix,train/invalid_rate,invalid,1392,0.011574074074074072
Outcome mix,train/invalid_rate,invalid,1398,0.006944444444444445
Outcome mix,train/invalid_rate,invalid,1404,0.005787037037037038
Outcome mix,train/invalid_rate,invalid,1410,0.005787037037037038
Outcome mix,train/invalid_rate,invalid,1416,0.005787037037037038
Outcome mix,train/invalid_rate,invalid,1422,0.0023148148148148147
Outcome mix,train/invalid_rate,invalid,1428,0.004629629629629629
Outcome mix,train/invalid_rate,invalid,1434,0.006944444444444445
Outcome mix,train/invalid_rate,invalid,1440,0.008101851851851851
Outcome mix,train/invalid_rate,invalid,1446,0.003472222222222222
Outcome mix,train/invalid_rate,invalid,1452,0.008101851851851851
Outcome mix,train/invalid_rate,invalid,1458,0.008101851851851851
Outcome mix,train/invalid_rate,invalid,1464,0.003472222222222222
Outcome mix,train/invalid_rate,invalid,1470,0.005787037037037038
Outcome mix,train/invalid_rate,invalid,1476,0.004629629629629629
Outcome mix,train/invalid_rate,invalid,1482,0.004629629629629629
Outcome mix,train/invalid_rate,invalid,1488,0.006944444444444445
Outcome mix,train/invalid_rate,invalid,1494,0.005787037037037038
Outcome mix,train/invalid_rate,invalid,1500,0.005787037037037038
Outcome mix,train/invalid_rate,invalid,1506,0.009259259259259259
Outcome mix,train/invalid_rate,invalid,1512,0.006944444444444445
Outcome mix,train/invalid_rate,invalid,1518,0.011574074074074075
Outcome mix,train/invalid_rate,invalid,1524,0.004629629629629629
Outcome mix,train/invalid_rate,invalid,1530,0.004629629629629629
Outcome mix,train/invalid_rate,invalid,1536,0.003472222222222222
Outcome mix,train/invalid_rate,invalid,1542,0.005787037037037038
Outcome mix,train/invalid_rate,invalid,1548,0.008101851851851853
Outcome mix,train/invalid_rate,invalid,1554,0.005787037037037038
Outcome mix,train/invalid_rate,invalid,1560,0.003472222222222222
Outcome mix,train/invalid_rate,invalid,1566,0.003472222222222222
Outcome mix,train/invalid_rate,invalid,1572,0.006944444444444444
Outcome mix,train/invalid_rate,invalid,1578,0.009259259259259259
Outcome mix,train/invalid_rate,invalid,1584,0.005787037037037038
Outcome mix,train/invalid_rate,invalid,1590,0.008101851851851851
Outcome mix,train/invalid_rate,invalid,1596,0.006944444444444445
Outcome mix,train/invalid_rate,invalid,1602,0.0023148148148148147
Outcome mix,train/invalid_rate,invalid,1608,0.005787037037037038
Outcome mix,train/invalid_rate,invalid,1614,0.009259259259259259
Outcome mix,train/invalid_rate,invalid,1620,0.006944444444444445
Outcome mix,train/invalid_rate,invalid,1626,0.011574074074074075
Outcome mix,train/invalid_rate,invalid,1632,0.005787037037037038
Outcome mix,train/invalid_rate,invalid,1638,0.011574074074074075
Outcome mix,train/invalid_rate,invalid,1644,0.0023148148148148147
Outcome mix,train/invalid_rate,invalid,1650,0.005787037037037038
Outcome mix,train/invalid_rate,invalid,1656,0.005787037037037038
Outcome mix,train/invalid_rate,invalid,1658,0.024305555555555552
Outcome mix,train/invalid_rate,invalid,1658,0.027777777777777776
